Peptides,Sequences,Smiles,Pubchem_CID,residue,IC50 (Î¼mol/L)
Echistatin,E-C-E-S-G-P-C-C-R-N-C-K-F-L-K-E-G-T-I-C-K-R-A-R-G-D-D-M-D-D-Y-C-N-G-K-T-C-D-C-P-R-N-P-H-K-G-P-A-T,CC[C@H](C)[C@@H](C(=O)N[C@@H](CS)C(=O)N[C@@H](CCCCN)C(=O)N[C@@H](CCCNC(=N)N)C(=O)N[C@@H](C)C(=O)N[C@@H](CCCNC(=N)N)C(=O)NCC(=O)N[C@@H](CC(=O)O)C(=O)N[C@@H](CC(=O)O)C(=O)N[C@@H](CCSC)C(=O)N[C@@H](CC(=O)O)C(=O)N[C@@H](CC(=O)O)C(=O)N[C@@H](CC1=CC=C(C=C1)O)C(=O)N[C@@H](CS)C(=O)N[C@@H](CC(=O)N)C(=O)NCC(=O)N[C@@H](CCCCN)C(=O)N[C@@H]([C@@H](C)O)C(=O)N[C@@H](CS)C(=O)N[C@@H](CC(=O)O)C(=O)N[C@@H](CS)C(=O)N2CCC[C@H]2C(=O)N[C@@H](CCCNC(=N)N)C(=O)N[C@@H](CC(=O)N)C(=O)N3CCC[C@H]3C(=O)N[C@@H](CC4=CN=CN4)C(=O)N[C@@H](CCCCN)C(=O)NCC(=O)N5CCC[C@H]5C(=O)N[C@@H](C)C(=O)N[C@@H]([C@@H](C)O)C(=O)O)NC(=O)[C@H]([C@@H](C)O)NC(=O)CNC(=O)[C@H](CCC(=O)O)NC(=O)[C@H](CCCCN)NC(=O)[C@H](CC(C)C)NC(=O)[C@H](CC6=CC=CC=C6)NC(=O)[C@H](CCCCN)NC(=O)[C@H](CS)NC(=O)[C@H](CC(=O)N)NC(=O)[C@H](CCCNC(=N)N)NC(=O)[C@H](CS)NC(=O)[C@H](CS)NC(=O)[C@@H]7CCCN7C(=O)CNC(=O)[C@H](CO)NC(=O)[C@H](CCC(=O)O)NC(=O)[C@H](CS)NC(=O)[C@H](CCC(=O)O)N,16132434,,
,R-G-D-X183-V,CC[C@H](C)[C@H](NC(=O)[C@H](CC(=O)N[C@H](Cc1ccccc1)C(=O)O)NC(=O)CNC(=O)[C@@H](N)CCCNC(=N)N)C(=O)O,,,
Cilengitide,R-G-D-X71-V,CC(C)[C@H]1C(=O)N[C@H](C(=O)NCC(=O)N[C@H](C(=O)N[C@@H](C(=O)N1C)CC2=CC=CC=C2)CC(=O)O)CCCN=C(N)N,176873,N-methyl-d-phenylalanine,
,R-G-D-X183-K,N=C(N)NCCC[C@H](N)C(=O)NCC(=O)N[C@@H](CC(=O)N[C@H](Cc1ccccc1)C(=O)O)C(=O)NCCCC[C@H](N)C(=O)O,,,
,R-G-D-X718-K,N=C(N)NCCC[C@H](N)C(=O)NCC(=O)N[C@@H](CC(=O)N[C@H](Cc1ccc(O)cc1)C(=O)O)C(=O)NCCCC[C@H](N)C(=O)O,,,
,R-G-D-X183-C,N=C(N)NCCC[C@H](N)C(=O)NCC(=O)N[C@@H](CC(=O)N[C@H](Cc1ccccc1)C(=O)O)C(=O)N[C@@H](CS)C(=O)O,,,
ATN161,P-H-S-C-N,CC(=O)N1CCC[C@H]1C(=O)N[C@@H](CC2=CN=CN2)C(=O)N[C@@H](CO)C(=O)N[C@@H](CS)C(=O)N[C@@H](CC(=O)N)C(=O)N,9960285,,
,R-W-X501,N=C(N)NCCC[C@H](N)C(=O)n1cc(C[C@H](N)C(=O)N=C(N)NCCC[C@@H](N)C(=O)O)c2ccccc21,,,
,R-W-X501-N-M,CSCC[C@H](NC(=O)[C@@H](N)CCC(=O)NC(=O)[C@H](N)CCCNC(N)=NC(=O)[C@@H](N)Cc1cn(C(=O)[C@@H](N)CCCNC(=N)N)c2ccccc12)C(=O)O,,,
,X166-R-G-D,CC[C@@H](C)[C@@H](N)C(=O)N[C@@H](CCCNC(=N)N)C(=O)NCC(=O)N[C@@H](CC(=O)O)C(=O)O,,,
,R-W-X501-N-K,N=C(N)NCCC[C@H](N)C(=O)n1cc(C[C@H](N)C(=O)N=C(N)NCCC[C@@H](N)C(=O)NC(=O)CC[C@H](N)C(=O)NCCCC[C@H](N)C(=O)O)c2ccccc21,,,
Risuteganib,G-R-G-X674-T-P,C[C@H]([C@@H](C(=O)N1CCC[C@H]1C(=O)O)NC(=O)[C@H](CS(=O)(=O)O)NC(=O)CNC(=O)[C@H](CCCN=C(N)N)NC(=O)CN)O,130476723,cysteic acid,
LXW7,X113-G-R-G-D-X1800-X523-X113,CC(C)C(NC(=O)[C@H](CC(=O)N[C@H](CC(=O)N[C@H](CS)C(=O)O)C(=O)O)NC(=O)CNC(=O)[C@H](CCCNC(=N)N)NC(=O)CNC(=O)[C@H](N)CS)C(=O)O,,,0.46
LXW64,X113-G-R-G-D-X1800-X260-X113,N=C(N)NCCC[C@H](NC(=O)CNC(=O)[C@H](N)CS)C(=O)NCC(=O)N[C@@H](CC(=O)N[C@H](CC(=O)N[C@H](CS)C(=O)O)C(=O)O)C(=O)N[C@H](Cc1cccc2ccccc12)C(=O)O,,3-(1-naphthyl)-D-alanine,0.07
LXW25,X113-G-R-G-D-X1800-X77-X113,CC[C@H](NC(=O)[C@H](CC(=O)N[C@H](CC(=O)N[C@H](CS)C(=O)O)C(=O)O)NC(=O)CNC(=O)[C@H](CCCNC(=N)N)NC(=O)CNC(=O)[C@H](N)CS)C(=O)O,,L-2-Aminobutyric acid,0.64
LXW53,X113-G-X109-G-D-X1800-X523-X113,CC(C)C(NC(=O)[C@H](CC(=O)N[C@H](CC(=O)N[C@H](CS)C(=O)O)C(=O)O)NC(=O)CNC(=O)[C@H](CCCNC(=N)N)N(C)C(=O)CNC(=O)[C@H](N)CS)C(=O)O,,,0.63
Neg1,A-D-X23-F,,,,
Neg2,G-H-I,,,,
Neg3,K-L-M-N-X45,,,,
Neg4,X355-Q-R-X20-T,,,,
Neg5,V-W-Y-X101,,,,
Neg6,X202-C-D-E-F,,,,
Neg7,G-H-I-K-X50,,,,
Neg8,M-N-P-Q-R-S,,,,
Neg9,T-V-W-Y-X113-C,,,,
Neg10,X1007-E-F-G-H-I,,,,
Neg11,K-L-M-N-P-X303,,,,
Neg12,Q-R-S-T-V-X2005,,,,
Neg13,X1527-A-C-D-E,,,,
Neg14,F-G-H-I-K-X404,,,,
Neg15,L-M-N-X3009-Q-R,,,,
Neg16,X4187-T-V-W-Y-A,,,,
Neg17,X505-C-D-E-F-G,,,,
Neg18,X5178-I-K-L-M-N-X606,,,,
Neg19,P-Q-R-S-T-V,,,,
Neg20,W-Y-A-C-D-X707,,,,
modify1,F-R-G-D-S-Q-I-Q-T-R-R-S ,,,,
modify2,T-W-S-R-G-Y-Q-R,,,,
modify3,T-W-S-R-G-D-Q-R,,,,
modify4,F-X9244-G-D-S-Q-I-Q-T-R-R-S ,,,,
modify5,F-R-X6896-D-S-Q-I-Q-T-R-R-S ,,,,
modify6,F-R-G-X8006-S-Q-I-Q-T-R-R-S ,,,,
modify7,R-G-D-X5295-C,,,,
modify8,X10031-H-S-C-N,,,,
modify9,R-W-X501-D-G,,,,
modify10,R-W-X5560-N-M,,,,
modify11,X166-R-G-X2591,,,,
modify12,R-W-X17921-N-K,,,,
modify13,G-R-G-X2361-T-P,,,,
modify14,G-R-G-D-T-P,,,,
modify15,X113-G-R-G-D-X1800-X9144-X113,,,,
modify16,X113-G-R-G-D-X1800-X557-X113,,,,
modify17,X113-G-R-G-D-X1800-X2807-X113,,,,
modify18,X113-G-X5327-G-D-X1800-X523-X113,,,,
